attachment,class,title,description,subject
https://www.w3.org/WAI/ER/tests/xhtml/testfiles/resources/pdf/dummy.pdf,11,Sample File,Sample Desc,English
https://www.w3.org/WAI/ER/tests/xhtml/testfiles/resources/pdf/dummy.pdf,12,Sample File,Sample Desc,Math
https://www.w3.org/WAI/ER/tests/xhtml/testfiles/resources/pdf/dummy.pdf,12,Sample File,Sample Desc,Computer
https://www.w3.org/WAI/ER/tests/xhtml/testfiles/resources/pdf/dummy.pdf,11,Sample File,Sample Desc,Accounts
https://www.w3.org/WAI/ER/tests/xhtml/testfiles/resources/pdf/dummy.pdf,11,Sample File,Sample Desc,Biology
https://www.w3.org/WAI/ER/tests/xhtml/testfiles/resources/pdf/dummy.pdf,12,Sample File,Sample Desc,Business
https://www.w3.org/WAI/ER/tests/xhtml/testfiles/resources/pdf/dummy.pdf,12,Sample File,Sample Desc,Chemistry
https://www.w3.org/WAI/ER/tests/xhtml/testfiles/resources/pdf/dummy.pdf,12,Sample File,Sample Desc,Physics
https://www.w3.org/WAI/ER/tests/xhtml/testfiles/resources/pdf/dummy.pdf,12,Sample File,Sample Desc,Business
https://www.w3.org/WAI/ER/tests/xhtml/testfiles/resources/pdf/dummy.pdf,11,Sample File,Sample Desc,Economics
https://www.w3.org/WAI/ER/tests/xhtml/testfiles/resources/pdf/dummy.pdf,11,Sample File,Sample Desc,Political Science
https://www.w3.org/WAI/ER/tests/xhtml/testfiles/resources/pdf/dummy.pdf,11,Sample File,Sample Desc,Psychology
https://www.w3.org/WAI/ER/tests/xhtml/testfiles/resources/pdf/dummy.pdf,11,Sample File,Sample Desc,Webapp
https://www.w3.org/WAI/ER/tests/xhtml/testfiles/resources/pdf/dummy.pdf,11,Sample File,Sample Desc,English
https://www.w3.org/WAI/ER/tests/xhtml/testfiles/resources/pdf/dummy.pdf,12,Sample File,Sample Desc,Math
https://www.w3.org/WAI/ER/tests/xhtml/testfiles/resources/pdf/dummy.pdf,11,Sample File,Sample Desc,Computer
https://www.w3.org/WAI/ER/tests/xhtml/testfiles/resources/pdf/dummy.pdf,12,Sample File,Sample Desc,Accounts
https://www.w3.org/WAI/ER/tests/xhtml/testfiles/resources/pdf/dummy.pdf,11,Sample File,Sample Desc,Biology
https://www.w3.org/WAI/ER/tests/xhtml/testfiles/resources/pdf/dummy.pdf,12,Sample File,Sample Desc,Business
https://www.w3.org/WAI/ER/tests/xhtml/testfiles/resources/pdf/dummy.pdf,11,Sample File,Sample Desc,Chemistry
https://www.w3.org/WAI/ER/tests/xhtml/testfiles/resources/pdf/dummy.pdf,12,Sample File,Sample Desc,Physics
https://www.w3.org/WAI/ER/tests/xhtml/testfiles/resources/pdf/dummy.pdf,12,Sample File,Sample Desc,Business
https://www.w3.org/WAI/ER/tests/xhtml/testfiles/resources/pdf/dummy.pdf,11,Sample File,Sample Desc,Economics
https://www.w3.org/WAI/ER/tests/xhtml/testfiles/resources/pdf/dummy.pdf,12,Sample File,Sample Desc,Political Science
https://www.w3.org/WAI/ER/tests/xhtml/testfiles/resources/pdf/dummy.pdf,12,Sample File,Sample Desc,Psychology
https://www.w3.org/WAI/ER/tests/xhtml/testfiles/resources/pdf/dummy.pdf,11,Sample File,Sample Desc,Webapp
https://www.w3.org/WAI/ER/tests/xhtml/testfiles/resources/pdf/dummy.pdf,11,Sample File,Sample Desc,English
https://www.w3.org/WAI/ER/tests/xhtml/testfiles/resources/pdf/dummy.pdf,12,Sample File,Sample Desc,Math
https://www.w3.org/WAI/ER/tests/xhtml/testfiles/resources/pdf/dummy.pdf,12,Sample File,Sample Desc,Computer
https://www.w3.org/WAI/ER/tests/xhtml/testfiles/resources/pdf/dummy.pdf,11,Sample File,Sample Desc,Accounts
https://www.w3.org/WAI/ER/tests/xhtml/testfiles/resources/pdf/dummy.pdf,11,Sample File,Sample Desc,Biology
