attachment,class,year,subject,paper 
https://www.w3.org/WAI/ER/tests/xhtml/testfiles/resources/pdf/dummy.pdf,11,2003,English,Sample
https://www.w3.org/WAI/ER/tests/xhtml/testfiles/resources/pdf/dummy.pdf,12,2004,Math,Sample
https://www.w3.org/WAI/ER/tests/xhtml/testfiles/resources/pdf/dummy.pdf,12,2005,Computer,Sample
https://www.w3.org/WAI/ER/tests/xhtml/testfiles/resources/pdf/dummy.pdf,11,2006,Accounts,Sample
https://www.w3.org/WAI/ER/tests/xhtml/testfiles/resources/pdf/dummy.pdf,11,2007,Biology,Sample
https://www.w3.org/WAI/ER/tests/xhtml/testfiles/resources/pdf/dummy.pdf,12,2008,Business,Sample
https://www.w3.org/WAI/ER/tests/xhtml/testfiles/resources/pdf/dummy.pdf,12,2009,Chemistry,Sample
https://www.w3.org/WAI/ER/tests/xhtml/testfiles/resources/pdf/dummy.pdf,12,2010,Physics,Sample
https://www.w3.org/WAI/ER/tests/xhtml/testfiles/resources/pdf/dummy.pdf,12,2011,Business,Sample
https://www.w3.org/WAI/ER/tests/xhtml/testfiles/resources/pdf/dummy.pdf,11,2012,Economics,Sample
https://www.w3.org/WAI/ER/tests/xhtml/testfiles/resources/pdf/dummy.pdf,11,2013,Political Science,Sample
https://www.w3.org/WAI/ER/tests/xhtml/testfiles/resources/pdf/dummy.pdf,11,2014,Psychology,Sample
https://www.w3.org/WAI/ER/tests/xhtml/testfiles/resources/pdf/dummy.pdf,11,2015,Webapp,Sample
https://www.w3.org/WAI/ER/tests/xhtml/testfiles/resources/pdf/dummy.pdf,11,2016,English,Sample
https://www.w3.org/WAI/ER/tests/xhtml/testfiles/resources/pdf/dummy.pdf,12,2017,Math,Sample
https://www.w3.org/WAI/ER/tests/xhtml/testfiles/resources/pdf/dummy.pdf,11,2018,Computer,Sample
https://www.w3.org/WAI/ER/tests/xhtml/testfiles/resources/pdf/dummy.pdf,12,2019,Accounts,Sample
https://www.w3.org/WAI/ER/tests/xhtml/testfiles/resources/pdf/dummy.pdf,11,2020,Biology,Sample
https://www.w3.org/WAI/ER/tests/xhtml/testfiles/resources/pdf/dummy.pdf,12,2021,Business,Sample
https://www.w3.org/WAI/ER/tests/xhtml/testfiles/resources/pdf/dummy.pdf,11,2022,Chemistry,Sample
https://www.w3.org/WAI/ER/tests/xhtml/testfiles/resources/pdf/dummy.pdf,12,2023,Physics,Sample
https://www.w3.org/WAI/ER/tests/xhtml/testfiles/resources/pdf/dummy.pdf,12,2024,Business,Sample
https://www.w3.org/WAI/ER/tests/xhtml/testfiles/resources/pdf/dummy.pdf,11,2025,Economics,Sample
https://www.w3.org/WAI/ER/tests/xhtml/testfiles/resources/pdf/dummy.pdf,12,2026,Political Science,Sample
https://www.w3.org/WAI/ER/tests/xhtml/testfiles/resources/pdf/dummy.pdf,12,2027,Psychology,Sample
https://www.w3.org/WAI/ER/tests/xhtml/testfiles/resources/pdf/dummy.pdf,11,2028,Webapp,Sample
https://www.w3.org/WAI/ER/tests/xhtml/testfiles/resources/pdf/dummy.pdf,11,2029,English,Sample
https://www.w3.org/WAI/ER/tests/xhtml/testfiles/resources/pdf/dummy.pdf,12,2030,Math,Sample
https://www.w3.org/WAI/ER/tests/xhtml/testfiles/resources/pdf/dummy.pdf,12,2031,Computer,Sample
https://www.w3.org/WAI/ER/tests/xhtml/testfiles/resources/pdf/dummy.pdf,11,2032,Accounts,Sample
https://www.w3.org/WAI/ER/tests/xhtml/testfiles/resources/pdf/dummy.pdf,11,2033,Biology,Sample
